{
    "robot_root_name": "pelvis",
    "human_root_name": "Hips",
    "ground_height": 0.0,
    "human_height_assumption": 1.7,
    "use_ik_match_table1": false,
    "use_ik_match_table2": true,
    "human_scale_table": {
        "Hips": 0.82,
        "Spine2": 0.9,

        "LeftUpLeg": 0.9,
        "RightUpLeg": 0.9,
        "LeftLeg": 0.9,
        "RightLeg": 0.9,
        "LeftFoot": 0.88,
        "RightFoot": 0.88,

        "LeftArm": 0.9,
        "RightArm": 0.9,
        "LeftForeArm": 0.8,
        "RightForeArm": 0.8,
        "LeftHand": 0.73,
        "RightHand": 0.73
    },

    "ik_match_table1": {
        "pelvis": [
            "Hips",
            0,
            10,
            [
                0.0,
                0.0,
                0.0
            ],
            [
                0.5,
                -0.5,
                -0.5,
                -0.5
            ]
        ],
        "left_hip_yaw_link": [
            "LeftUpLeg",
            0,
            10,
            [
                0.0,
                0.0,
                0.0
            ],
            [
                0.4267755048530407,
                -0.5637931078484661,
                -0.5637931078484661,
                -0.4267755048530407
            ]
        ],
        "left_knee_link": [
            "LeftLeg",
            0,
            10,
            [
                0.0,
                0.0,
                0.0
            ],
            [
                0.5,
                -0.5,
                -0.5,
                -0.5
            ]
        ],
        "left_ankle_roll_link": [
            "LeftFoot",
            50,
            10,
            [
                0.0,
                0.0,
                0.0
            ],
            [
                0.5,
                -0.5,
                -0.5,
                -0.5
            ]
        ],
        "right_hip_yaw_link": [
            "RightUpLeg",
            0,
            10,
            [
                0.0,
                0.0,
                0.0
            ],
            [
                0.4267755048530407,
                -0.5637931078484661,
                -0.5637931078484661,
                -0.4267755048530407
            ]
        ],
        "right_knee_link": [
            "RightLeg",
            0,
            10,
            [
                0.0,
                0.0,
                0.0
            ],
            [0.5, -0.5,-0.5, -0.5]
        ],
        "right_ankle_roll_link": [
            "RightFoot",
            50,
            10,
            [
                0.0,
                0.0,
                0.0
            ],
            [
                0.5,
                -0.5,
                -0.5,
                -0.5
            ]
        ],
        "torso_link": [ "Spine2", 0, 100, [0.0, 0.0, 0.0], [
                0.5,
                -0.5,
                -0.5,
                -0.5
            ] ],
        "left_shoulder_yaw_link": [
            "LeftArm",
            0,
            100,
            [
                0.0,
                0.0,
                0.0
            ],
            [
                0.70710678,
                0.0,
                -0.70710678,
                0.0
            ]
        ],
        "left_elbow_link": [
            "LeftForeArm",
            0,
            10,
            [
                0.0,
                0.0,
                0.0
            ],
            [
                1.0,
                0.0,
                0.0,
                0.0
            ]
        ],
        "left_wrist_yaw_link": [
            "LeftHand",
            0,
            10,
            [
                0.0,
                0.0,
                0.0
            ],
            [
                1.0,
                0.0,
                0.0,
                0.0
            ]
        ],
        "right_shoulder_yaw_link": [
            "RightArm",
            0,
            100,
            [
                0.0,
                0.0,
                0.0
            ],
            [
                0.0,
                0.70710678,
                0.0,
                0.70710678
            ]
        ],
        "right_elbow_link": [
            "RightForeArm",
            0,
            10,
            [
                0.0,
                0.0,
                0.0
            ],
            [
                0.0,
                0.0,
                0.0,
                -1.0
            ]
        ],
        "right_wrist_yaw_link": [
            "RightHand",
            0,
            10,
            [
                0.0,
                0.0,
                0.0
            ],
            [
                0.0,
                0.0,
                0.0,
                -1.0
            ]
        ]
    },
    "ik_match_table2": {
        "pelvis": [
            "Hips",
            100,
            5,
            [
                0.0,
                0.0,
                0.0
            ],
            [
                0.5,
                -0.5,
                -0.5,
                -0.5
            ]
        ],
        "left_hip_yaw_link": [
            "LeftUpLeg",
            10,
            5,
            [
                0.0,
                0.0,
                0.0
            ],
            [
                0.4267755048530407,
                -0.5637931078484661,
                -0.5637931078484661,
                -0.4267755048530407
            ]
        ],
        "left_knee_link": [
            "LeftLeg",
            10,
            5,
            [
                0.0,
                0.0,
                0.0
            ],
            [
                0.5,
                -0.5,
                -0.5,
                -0.5
            ]
        ],
        "left_ankle_roll_link": [
            "LeftFoot",
            50,
            10,
            [
                0.0,
                0.0,
                0.0
            ],
            [ -0.5, 0.5, 0.5, 0.5 ]
        ],
        "right_hip_yaw_link": [
            "RightUpLeg",
            10,
            5,
            [
                0.0,
                0.0,
                0.0
            ],
            [
                0.4267755048530407,
                -0.5637931078484661,
                -0.5637931078484661,
                -0.4267755048530407
            ]
        ],
        "right_knee_link": [
            "RightLeg",
            10,
            5,
            [
                0.0,
                0.0,
                0.0
            ],
            [
                0.5,
                -0.5,
                -0.5,
                -0.5
            ]
        ],
        "right_ankle_roll_link": [
            "RightFoot",
            50,
            10,
            [
                0.0,
                0.0,
                0.0
            ],
            [ -0.5, 0.5, 0.5, 0.5 ]
        ],
        "torso_link": [ "Spine2", 0,10, [0.0, 0.0, 0.0], [
                0.5,
                -0.5,
                -0.5,
                -0.5
            ] ],
        "left_shoulder_yaw_link": [
            "LeftArm",
            5,
            100,
            [
                0.0,
                0.0,
                0.0
            ],
            [
                0.70710678,
                0.0,
                -0.70710678,
                0.0
            ]
        ],
        "left_elbow_link": [
            "LeftForeArm",
            10,
            5,
            [
                0.0,
                0.0,
                0.0
            ],
            [
                1.0,
                0.0,
                0.0,
                0.0
            ]
        ],
        "left_wrist_yaw_link": [
            "LeftHand",
            10,
            5,
            [
                0.0,
                0.0,
                0.0
            ],
            [
                1.0,
                0.0,
                0.0,
                0.0
            ]
        ],